Title,Vietnamese,Expertise,Expertise Group,Expertise Segment,Track,Level,Desc,General Requirement,Exp Requirement,Next Promotion,Memo,Tag
CEO,Giám Đốc,,,,Leadership,6,Người đứng đầu công ty,(đang cập nhật),(đang cập nhật),(đang cập nhật),,BOD
Head of Division,Giám Đốc Khối,,,,Leadership,5,Giám đốc Khối là người đứng đầu Ban Giám Đốc Khối. ,(đang cập nhật),(đang cập nhật),(đang cập nhật),,BOM
Product Head,Giám Đốc Sản Phẩm,,,,Leadership,4,Gíam đốc sản phẩm là vị trí được giao nhiệm vụ chịu trách nhiệm về mọi mặt về một sản phẩm,- dòng 1- dòng 2,(đang cập nhật),(đang cập nhật),,
Software Intern,,Software,Technical,BUILD,Intern,1,(đang cập nhật),(đang cập nhật),(đang cập nhật),(đang cập nhật),,
Hardware Intern,,Hardware,Technical,BUILD,Intern,1,(đang cập nhật),(đang cập nhật),(đang cập nhật),(đang cập nhật),,
Security Intern,,Security,Technical,BUILD,Intern,1,(đang cập nhật),(đang cập nhật),(đang cập nhật),(đang cập nhật),,
Devops Intern,,Devops,Technical,BUILD,Intern,1,(đang cập nhật),(đang cập nhật),(đang cập nhật),(đang cập nhật),,
Product Manager Intern,,Product Manager,Product,BUILD,Intern,1,(đang cập nhật),(đang cập nhật),(đang cập nhật),(đang cập nhật),,
Product Owner Intern,,Product Owner,Product,BUILD,Intern,1,(đang cập nhật),(đang cập nhật),(đang cập nhật),(đang cập nhật),,
UI/UX Designer Intern,,UI/UX,Product,BUILD,Intern,1,(đang cập nhật),(đang cập nhật),(đang cập nhật),(đang cập nhật),,
Partnership Intern,,Partnership,Partnership,BUILD,Intern,1,(đang cập nhật),(đang cập nhật),(đang cập nhật),(đang cập nhật),,
Warehouse Intern,,Warehouse,Manufacturer,BUILD,Intern,1,(đang cập nhật),(đang cập nhật),(đang cập nhật),(đang cập nhật),,
Marketing Intern,,Marketing,Marketing,SALE,Intern,1,(đang cập nhật),(đang cập nhật),(đang cập nhật),(đang cập nhật),,
Account Manager Intern,,Account,Sale,SALE,Intern,1,(đang cập nhật),(đang cập nhật),(đang cập nhật),(đang cập nhật),,
Customer Success Intern,,Customer Success,CS,SERVICE,Intern,1,(đang cập nhật),(đang cập nhật),(đang cập nhật),(đang cập nhật),,
System Administrator Intern,,System Admin,IT,SERVICE,Intern,1,(đang cập nhật),(đang cập nhật),(đang cập nhật),(đang cập nhật),,
Call Center Agent Intern,,Call Center,CS,SERVICE,Intern,1,(đang cập nhật),(đang cập nhật),(đang cập nhật),(đang cập nhật),,
HR Intern,,HR,Admin,MANAGE,Intern,1,(đang cập nhật),(đang cập nhật),(đang cập nhật),(đang cập nhật),,
Administrative Intern,Thực tập Hành chính,Admin,Admin,MANAGE,Intern,1,(đang cập nhật),(đang cập nhật),(đang cập nhật),(đang cập nhật),,
Legal Intern,,Legal,Legal,MANAGE,Intern,1,(đang cập nhật),(đang cập nhật),(đang cập nhật),(đang cập nhật),,
Accountant Intern,Kế Toán Thực Tập,Accounting,Accounting,PROFIT,Intern,1,(đang cập nhật),(đang cập nhật),(đang cập nhật),(đang cập nhật),,
Finance Intern,,Finance,Finance,PROFIT,Intern,1,(đang cập nhật),(đang cập nhật),(đang cập nhật),(đang cập nhật),,
Associate Software Engineer,,Software,Technical,BUILD,Professional,1,(đang cập nhật),(đang cập nhật),(đang cập nhật),(đang cập nhật),,
Associate Hardware Engineer,,Hardware,Technical,BUILD,Professional,1,(đang cập nhật),(đang cập nhật),(đang cập nhật),(đang cập nhật),,
Associate Security Engineer,,Security,Technical,BUILD,Professional,1,(đang cập nhật),(đang cập nhật),(đang cập nhật),(đang cập nhật),,
Associate Devops Engineer,,Devops,Technical,BUILD,Professional,1,(đang cập nhật),(đang cập nhật),(đang cập nhật),(đang cập nhật),,
Associate Product Manager,,Product Manager,Product,BUILD,Professional,1,(đang cập nhật),(đang cập nhật),(đang cập nhật),(đang cập nhật),,
Associate Product Owner,,Product Owner,Product,BUILD,Professional,1,(đang cập nhật),(đang cập nhật),(đang cập nhật),(đang cập nhật),,
Associate UI/UX Designer,,UI/UX,Product,BUILD,Professional,1,(đang cập nhật),(đang cập nhật),(đang cập nhật),(đang cập nhật),,
Associate Partnership Executive,,Partnership,Partnership,BUILD,Professional,1,(đang cập nhật),(đang cập nhật),(đang cập nhật),(đang cập nhật),,
Associate Warehouse Executive,,Warehouse,Manufacturer,BUILD,Professional,1,(đang cập nhật),(đang cập nhật),(đang cập nhật),(đang cập nhật),,
Associate Marketing Executive,,Marketing,Marketing,SALE,Professional,1,(đang cập nhật),(đang cập nhật),(đang cập nhật),(đang cập nhật),,
Associate Account Manager,,Account,Sale,SALE,Professional,1,(đang cập nhật),(đang cập nhật),(đang cập nhật),(đang cập nhật),,
Associate Customer Success Specialist,,Customer Success,CS,SERVICE,Professional,1,(đang cập nhật),(đang cập nhật),(đang cập nhật),(đang cập nhật),,
Associate System Administrator,,System Admin,IT,SERVICE,Professional,1,(đang cập nhật),(đang cập nhật),(đang cập nhật),(đang cập nhật),,
Associate Call Center Agent,,Call Center,CS,SERVICE,Professional,1,(đang cập nhật),(đang cập nhật),(đang cập nhật),(đang cập nhật),,
Associate HR Specialist,,HR,Admin,MANAGE,Professional,1,(đang cập nhật),(đang cập nhật),(đang cập nhật),(đang cập nhật),,
Associate Administrative Specialist,Hành chính Tập sự,Admin,Admin,MANAGE,Professional,1,(đang cập nhật),(đang cập nhật),(đang cập nhật),(đang cập nhật),,
Associate Legal Specialist,,Legal,Legal,MANAGE,Professional,1,(đang cập nhật),(đang cập nhật),(đang cập nhật),(đang cập nhật),,
Associate Accountant,Kế Toán Tập Sự,Accounting,Accounting,PROFIT,Professional,1,(đang cập nhật),(đang cập nhật),(đang cập nhật),(đang cập nhật),,
Associate Finance Specialist,,Finance,Finance,PROFIT,Professional,1,(đang cập nhật),(đang cập nhật),(đang cập nhật),(đang cập nhật),,
Software Engineer,,Software,Technical,BUILD,Professional,2,(đang cập nhật),(đang cập nhật),(đang cập nhật),(đang cập nhật),,
Hardware Engineer,,Hardware,Technical,BUILD,Professional,2,(đang cập nhật),(đang cập nhật),(đang cập nhật),(đang cập nhật),,
Security Engineer,,Security,Technical,BUILD,Professional,2,(đang cập nhật),(đang cập nhật),(đang cập nhật),(đang cập nhật),,
Devops Engineer,,Devops,Technical,BUILD,Professional,2,(đang cập nhật),(đang cập nhật),(đang cập nhật),(đang cập nhật),,
Product Manager,,Product Manager,Product,BUILD,Professional,2,(đang cập nhật),(đang cập nhật),(đang cập nhật),(đang cập nhật),,
Product Owner,,Product Owner,Product,BUILD,Professional,2,(đang cập nhật),(đang cập nhật),(đang cập nhật),(đang cập nhật),,
UI/UX Designer,,UI/UX,Product,BUILD,Professional,2,(đang cập nhật),(đang cập nhật),(đang cập nhật),(đang cập nhật),,
Partnership Executive,,Partnership,Partnership,BUILD,Professional,2,(đang cập nhật),(đang cập nhật),(đang cập nhật),(đang cập nhật),,
Warehouse Executive,,Warehouse,Manufacturer,BUILD,Professional,2,(đang cập nhật),(đang cập nhật),(đang cập nhật),(đang cập nhật),,
Marketing Executive,,Marketing,Marketing,SALE,Professional,2,(đang cập nhật),(đang cập nhật),(đang cập nhật),(đang cập nhật),,
Account Manager,,Account,Sale,SALE,Professional,2,(đang cập nhật),(đang cập nhật),(đang cập nhật),(đang cập nhật),,
Customer Success Specialist,,Customer Success,CS,SERVICE,Professional,2,(đang cập nhật),(đang cập nhật),(đang cập nhật),(đang cập nhật),,
System Administrator,,System Admin,IT,SERVICE,Professional,2,(đang cập nhật),(đang cập nhật),(đang cập nhật),(đang cập nhật),,
Call Center Agent,,Call Center,CS,SERVICE,Professional,2,(đang cập nhật),(đang cập nhật),(đang cập nhật),(đang cập nhật),,
HR Specialist,,HR,Admin,MANAGE,Professional,2,(đang cập nhật),(đang cập nhật),(đang cập nhật),(đang cập nhật),,
Administrative Specialist,Nhân viên Hành chính,Admin,Admin,MANAGE,Professional,2,(đang cập nhật),(đang cập nhật),(đang cập nhật),(đang cập nhật),,
Legal Specialist,,Legal,Legal,MANAGE,Professional,2,(đang cập nhật),(đang cập nhật),(đang cập nhật),(đang cập nhật),,
Accountant,Kế Toán Viên,Accounting,Accounting,PROFIT,Professional,2,(đang cập nhật),(đang cập nhật),(đang cập nhật),(đang cập nhật),,
Finance Specialist,,Finance,Finance,PROFIT,Professional,2,(đang cập nhật),(đang cập nhật),(đang cập nhật),(đang cập nhật),,
Senior Software Engineer,,Software,Technical,BUILD,Professional,3,(đang cập nhật),(đang cập nhật),(đang cập nhật),(đang cập nhật),,
Senior Hardware Engineer,,Hardware,Technical,BUILD,Professional,3,(đang cập nhật),(đang cập nhật),(đang cập nhật),(đang cập nhật),,
Senior Security Engineer,,Security,Technical,BUILD,Professional,3,(đang cập nhật),(đang cập nhật),(đang cập nhật),(đang cập nhật),,
Senior Devops Engineer,,Devops,Technical,BUILD,Professional,3,(đang cập nhật),(đang cập nhật),(đang cập nhật),(đang cập nhật),,
Senior Product Manager,,Product Manager,Product,BUILD,Professional,3,(đang cập nhật),(đang cập nhật),(đang cập nhật),(đang cập nhật),,
Senior Product Owner,,Product Owner,Product,BUILD,Professional,3,(đang cập nhật),(đang cập nhật),(đang cập nhật),(đang cập nhật),,
Senior UI/UX Designer,,UI/UX,Product,BUILD,Professional,3,(đang cập nhật),(đang cập nhật),(đang cập nhật),(đang cập nhật),,
Senior Partnership Executive,,Partnership,Partnership,BUILD,Professional,3,(đang cập nhật),(đang cập nhật),(đang cập nhật),(đang cập nhật),,
Senior Warehouse Executive,,Warehouse,Manufacturer,BUILD,Professional,3,(đang cập nhật),(đang cập nhật),(đang cập nhật),(đang cập nhật),,
Senior Marketing Executive,,Marketing,Marketing,SALE,Professional,3,(đang cập nhật),(đang cập nhật),(đang cập nhật),(đang cập nhật),,
Senior Account Manager,,Account,Sale,SALE,Professional,3,(đang cập nhật),(đang cập nhật),(đang cập nhật),(đang cập nhật),,
Senior Customer Success Specialist,,Customer Success,CS,SERVICE,Professional,3,(đang cập nhật),(đang cập nhật),(đang cập nhật),(đang cập nhật),,
Senior System Administrator,,System Admin,IT,SERVICE,Professional,3,(đang cập nhật),(đang cập nhật),(đang cập nhật),(đang cập nhật),,
Senior HR Specialist,,HR,Admin,MANAGE,Professional,3,(đang cập nhật),(đang cập nhật),(đang cập nhật),(đang cập nhật),,
Senior Administrative Specialist,Chuyên viên Hành chính,Admin,Admin,MANAGE,Professional,3,(đang cập nhật),(đang cập nhật),(đang cập nhật),(đang cập nhật),,
Senior Legal Specialist,,Legal,Legal,MANAGE,Professional,3,(đang cập nhật),(đang cập nhật),(đang cập nhật),(đang cập nhật),,
Staff Software Engineer,,Software,Technical,BUILD,Professional,4,(đang cập nhật),(đang cập nhật),(đang cập nhật),(đang cập nhật),,
Staff Hardware Engineer,,Hardware,Technical,BUILD,Professional,4,(đang cập nhật),(đang cập nhật),(đang cập nhật),(đang cập nhật),,
Staff Product Manager,,Product Manager,Product,BUILD,Professional,4,(đang cập nhật),(đang cập nhật),(đang cập nhật),(đang cập nhật),,
Staff UI/UX Designer,,UI/UX,Product,BUILD,Professional,4,(đang cập nhật),(đang cập nhật),(đang cập nhật),(đang cập nhật),,
Principal Software Engineer,,Software,Technical,BUILD,Professional,5,(đang cập nhật),(đang cập nhật),(đang cập nhật),(đang cập nhật),,
Principal Hardware Engineer,,Hardware,Technical,BUILD,Professional,5,(đang cập nhật),(đang cập nhật),(đang cập nhật),(đang cập nhật),,
Principal Product Manager,,Product Manager,Product,BUILD,Professional,5,(đang cập nhật),(đang cập nhật),(đang cập nhật),(đang cập nhật),,
Principal UI/UX Designer,,UI/UX,Product,BUILD,Professional,5,(đang cập nhật),(đang cập nhật),(đang cập nhật),(đang cập nhật),,
Technical Lead,,Software,Technical,BUILD,Management,3,(đang cập nhật),(đang cập nhật),(đang cập nhật),(đang cập nhật),,
Product Team Lead,,Product Manager,Product,BUILD,Management,3,(đang cập nhật),(đang cập nhật),(đang cập nhật),(đang cập nhật),,
UI/UX Designer Lead,,UI/UX,Product,BUILD,Management,3,(đang cập nhật),(đang cập nhật),(đang cập nhật),(đang cập nhật),,
Partnership Team Lead,,Partnership,Partnership,BUILD,Management,3,(đang cập nhật),(đang cập nhật),(đang cập nhật),(đang cập nhật),,
Marketing Team Lead,,Marketing,Marketing,SALE,Management,3,(đang cập nhật),(đang cập nhật),(đang cập nhật),(đang cập nhật),,
Account Team Lead,,Account,Sale,SALE,Management,3,(đang cập nhật),(đang cập nhật),(đang cập nhật),(đang cập nhật),,
Customer Success Team Lead,,Customer Success,CS,SERVICE,Management,3,(đang cập nhật),(đang cập nhật),(đang cập nhật),(đang cập nhật),,
System Admin Team Lead,,System Admin,IT,SERVICE,Management,3,(đang cập nhật),(đang cập nhật),(đang cập nhật),(đang cập nhật),,
Call Center Team Lead,,Call Center,CS,SERVICE,Management,3,(đang cập nhật),(đang cập nhật),(đang cập nhật),(đang cập nhật),,
HR Team Lead,,HR,Admin,MANAGE,Management,3,(đang cập nhật),(đang cập nhật),(đang cập nhật),(đang cập nhật),,
Admin Team Lead,Trưởng nhóm Hành chính,Admin,Admin,MANAGE,Management,3,(đang cập nhật),(đang cập nhật),(đang cập nhật),(đang cập nhật),,
Legal Team Lead,,Legal,Legal,MANAGE,Management,3,(đang cập nhật),(đang cập nhật),(đang cập nhật),(đang cập nhật),,
Acountant Team Lead,Trưởng Nhóm Kế Toán,Accounting,Accounting,PROFIT,Management,3,(đang cập nhật),(đang cập nhật),(đang cập nhật),(đang cập nhật),,
Finance Team Lead,,Finance,Finance,PROFIT,Management,3,(đang cập nhật),(đang cập nhật),(đang cập nhật),(đang cập nhật),,
Head of Technical,,Software,Technical,BUILD,Management,4,(đang cập nhật),(đang cập nhật),(đang cập nhật),(đang cập nhật),,
Head of Product Management,,Product Manager,Product,BUILD,Management,4,(đang cập nhật),(đang cập nhật),(đang cập nhật),(đang cập nhật),,
Head of Partnership,,Partnership,Partnership,BUILD,Management,4,(đang cập nhật),(đang cập nhật),(đang cập nhật),(đang cập nhật),,
Head of Manufacturer,,Warehouse,Manufacturer,BUILD,Management,4,(đang cập nhật),(đang cập nhật),(đang cập nhật),(đang cập nhật),,
Head of Marketing,,Marketing,Marketing,SALE,Management,4,(đang cập nhật),(đang cập nhật),(đang cập nhật),(đang cập nhật),,
Head of Sale,,Account,Sale,SALE,Management,4,(đang cập nhật),(đang cập nhật),(đang cập nhật),(đang cập nhật),,
Head of Customer Success,,Customer Success,CS,SERVICE,Management,4,(đang cập nhật),(đang cập nhật),(đang cập nhật),(đang cập nhật),,
Head of IT,,System Admin,IT,SERVICE,Management,4,(đang cập nhật),(đang cập nhật),(đang cập nhật),(đang cập nhật),,
Chief Accountant,Kế Toán Trưởng,Accounting,Accounting,PROFIT,Management,4,(đang cập nhật),(đang cập nhật),(đang cập nhật),(đang cập nhật),,
Head of Finance,,Finance,Finance,PROFIT,Management,4,(đang cập nhật),(đang cập nhật),(đang cập nhật),(đang cập nhật),,
Chief Technical Officer,,Software,Technical,BUILD,Management,5,(đang cập nhật),(đang cập nhật),(đang cập nhật),(đang cập nhật),,
Chief Product Officer,,Product Manager,Product,BUILD,Management,5,(đang cập nhật),(đang cập nhật),(đang cập nhật),(đang cập nhật),,
Chief Partnership Officer,,Partnership,Partnership,BUILD,Management,5,(đang cập nhật),(đang cập nhật),(đang cập nhật),(đang cập nhật),,
Chief Manufacturing Officer,,Warehouse,Manufacturer,BUILD,Management,5,(đang cập nhật),(đang cập nhật),(đang cập nhật),(đang cập nhật),,
Chief Marketing Officer,,Marketing,Marketing,SALE,Management,5,(đang cập nhật),(đang cập nhật),(đang cập nhật),(đang cập nhật),,
Chief Sale Officer,,Account,Sale,SALE,Management,5,(đang cập nhật),(đang cập nhật),(đang cập nhật),(đang cập nhật),,
Chief Information Officer,,System Admin,IT,SERVICE,Management,5,(đang cập nhật),(đang cập nhật),(đang cập nhật),(đang cập nhật),,
Chief Customer Experience Officer,,Call Center,CS,SERVICE,Management,5,(đang cập nhật),(đang cập nhật),(đang cập nhật),(đang cập nhật),,
Chief Human Resource Officier,,HR,Admin,MANAGE,Management,5,(đang cập nhật),(đang cập nhật),(đang cập nhật),(đang cập nhật),,
Chief Operation Officer,Giám đốc Vận hành,Admin,Admin,MANAGE,Management,5,(đang cập nhật),(đang cập nhật),(đang cập nhật),(đang cập nhật),,
Chief Legal Officer,,Legal,Legal,MANAGE,Management,5,(đang cập nhật),(đang cập nhật),(đang cập nhật),(đang cập nhật),,
Chief Finance Officer,,Finance,Finance,PROFIT,Management,5,(đang cập nhật),(đang cập nhật),(đang cập nhật),(đang cập nhật),,
Supply Chain Manager,,Warehouse,Manufacturer,BUILD,Management,3,(đang cập nhật),(đang cập nhật),(đang cập nhật),(đang cập nhật),,
